{"PnjActive":[false,true,true],"PnjPos":[{"x":0.599998950958252,"y":9.536742595628312e-8,"z":21.0},{"x":-3.3999996185302736,"y":-0.0000013828276905769599,"z":34.599998474121097},{"x":5.200000762939453,"y":-9.536742595628311e-7,"z":34.599998474121097}]}